{"cameraMode":{"drawMode":0,"name":"Shaded","section":"Shading Mode"},"sceneLighting":false,"audioPlay":false,"sceneViewState":{"m_AlwaysRefresh":false,"showFog":true,"showSkybox":false,"showFlares":true,"showImageEffects":true,"showParticleSystems":true,"showVisualEffectGraphs":true,"m_FxEnabled":false},"in2DMode":false,"pivot":{"x":-1.9289309978485108,"y":2.246713399887085,"z":0.38644254207611086},"rotation":{"x":0.11658375710248947,"y":0.6185746192932129,"z":-0.09348834306001663,"w":0.7713863849639893},"size":5.770127773284912,"orthographic":true}